¿Qué es una variable?,Una variable es un espacio en memoria para guardar un valor.
¿Qué es un bucle?,Un bucle permite repetir instrucciones varias veces.
¿Para qué sirve un if?,Sirve para tomar decisiones en base a una condición.
¿Qué es una función?,Es un bloque de código que se puede reutilizar.
¿Qué es Python?,Es un lenguaje de programación fácil de leer y usar.
¿Quién creó Python?,Python fue creado por Guido van Rossum.
¿Quien es Messi?,Lionel Andres Messi es un jugador de futbol. Juega con la numero 10, y es considerado uno de los mejores de la historia. Gano multiples trofeos, como el mundial de futbol con argentina, y 8 balones de oro. Actualmente juega en el Inter Miami FC.
¿Cuando cumple años taylor swift?,13 de diciembre
cual es el segundo nombre de taylor swift?,Allison
Quien es Maradona?,Maradona fue un jugador de futbol. Falleció en 2020, multicampeon de varios trofeos, campeon del mundo con Argentina en 1986 y considerado el mejor (o de los mejores) jugador (es) de la Historia.
Quien es Taylor Swift,Taylor Swift es una cantante, compositora, productora discográfica, directora y empresaria estadounidense. Swift es una figura destacada de la música popular, conocida por sus composiciones biográficas, reinvenciones artísticas e impacto cultural.
Quien es Diosito,Juan Pablo "Diosito" Borges es uno de los protagonistas junto a Pastor Peña de la serie "El marginal". Es un drogadicto que fue arrestado junto a Pastor. Hermano de Mario Borges, el mejor personaje de la Serie.
Que es el pan,El pan es un alimento que consiste en una masa de harina, generalmente de trigo, agua y levadura, que se cocina en un horno. Se puede definir como un producto alimenticio básico en la dieta humana, que se elabora mediante el horneado de esta mezcla. Además, el término proviene del latín "panis".
Que significa Cave canem ,Cave canem es una frase latina que advierte de que hay un perro en la casa o villa.
Quien fue El potro,Rodrigo Alejandro Bueno (Córdoba, 24 de mayo de 1973-Berazategui, Buenos Aires, 24 de junio de 2000), conocido como el Potro o solamente como Rodrigo, fue un cantante argentino de cuarteto. Durante su carrera, amplió la música de cuarteto a la escena nacional argentina, convirtiéndose en la mayor y principal figura del género, siendo considerado como «el rey del cuarteto».
Quien es Zambayonny,Zambayonny es un cantante y compositor argentino autor de obras como "El Roger".
